{
    "name": "siyuan-plugin-kanban-archiver",
    "author": "xueweizhong",
    "url": "https://github.com/xueweizhong/siyuan-plugin-kanban-archiver",
    "version": "0.3.16",
    "minAppVersion": "3.5.3",
    "disabledInPublish": false,
    "displayName": {
        "default": "Kanban Archiver",
        "zh_CN": "看板自动归档"
    },
    "description": {
        "default": "Automatically archive completed tasks in Kanban boards",
        "zh_CN": "自动将看板中已经完成的任务归档"
    },
    "readme": {
        "default": "README.md",
        "en_US": "README_en_US.md"
    },
    "funding": {
        "openCollective": "",
        "patreon": "",
        "github": "",
        "custom": []
    },
    "keywords": [
        "kanban",
        "archive",
        "automation"
    ],
    "backends": [
        "all"
    ],
    "frontends": [
        "all"
    ]
}