{
    "name": "siyuan-plugin-kanban-archiver",
    "author": "xueweizhong",
    "url": "https://github.com/xueweizhong/siyuan-plugin-kanban-archiver",
    "version": "0.3.35",
    "minAppVersion": "3.5.3",
    "backends": [
        "all"
    ],
    "frontends": [
        "all"
    ],
    "disabledInPublish": true,
    "displayName": {
        "default": "Kanban Workflow",
        "zh_CN": "看板工作流"
    },
    "description": {
        "default": "Automate Kanban archiving and generate report templates",
        "zh_CN": "自动归档看板任务并生成报表模板"
    },
    "readme": {
        "default": "README.md",
        "en_US": "README_en_US.md"
    },
    "icon": "icon.png",
    "preview": "preview.png",
    "keywords": [
        "kanban",
        "archive",
        "report",
        "template",
        "workflow",
        "看板",
        "归档",
        "自动",
        "报表",
        "模板"
    ]
}
