{
    "name": "siyuan-plugin-kanban-archiver",
    "author": "xueweizhong",
    "url": "https://github.com/xueweizhong/siyuan-plugin-kanban-archiver",
    "version": "0.3.14",
    "icon": "icon.png",
    "preview": "preview.png",
    "minAppVersion": "2.10.0",
    "displayName": {
        "default": "Kanban Archiver",
        "zh_CN": "看板自动归档"
    },
    "description": {
        "default": "Automatically archive completed tasks in Kanban boards",
        "zh_CN": "自动将看板中已经完成的任务归档"
    },
    "readme": {
        "default": "README.md",
        "en_US": "README_en_US.md"
    },
    "funding": {
        "openCollective": "",
        "patreon": "",
        "github": "",
        "custom": []
    },
    "keywords": [
        "kanban",
        "archive",
        "automation"
    ],
    "backends": [
        "windows",
        "linux",
        "darwin",
        "ios",
        "android",
        "harmony",
        "docker",
        "all"
    ],
    "frontends": [
        "desktop",
        "mobile",
        "browser-desktop",
        "browser-mobile",
        "desktop-window",
        "all"
    ]
}