{
    "name": "siyuan-plugin-kanban-archiver",
    "author": "xueweizhong",
    "url": "https://github.com/xueweizhong/siyuan-plugin-kanban-archiver",
    "version": "0.3.20",
    "minAppVersion": "3.5.3",
    "backends": [
        "all"
    ],
    "frontends": [
        "all"
    ],
    "disabledInPublish": true,
    "displayName": {
        "default": "Kanban Archiver",
        "zh_CN": "看板自动归档"
    },
    "description": {
        "default": "Automatically archive completed tasks in Kanban boards",
        "zh_CN": "自动将看板中已经完成的任务归档"
    },
    "readme": {
        "default": "README.md",
        "en_US": "README_en_US.md"
    },
    "keywords": [
        "kanban",
        "archive",
        "看板",
        "归档",
        "自动"
    ]
}
